[
{
  "model": "products.category",
  "pk": 1,
  "fields": {
    "name": "Plumbing",
    "slug": "plumbing",
    "image": "categories/plumbing.jpg",
    "display_order": 0
  }
},
{
  "model": "products.category",
  "pk": 2,
  "fields": {
    "name": "Cement",
    "slug": "cement",
    "image": "categories/cement.jpg",
    "display_order": 0
  }
},
{
  "model": "products.category",
  "pk": 3,
  "fields": {
    "name": "Water Pumps",
    "slug": "water-pumps",
    "image": "categories/Subject.png",
    "display_order": 0
  }
},
{
  "model": "products.category",
  "pk": 4,
  "fields": {
    "name": "Home Appliences",
    "slug": "home-appliences",
    "image": "categories/Gemini_Generated_Image_wyremhwyremhwyre.png",
    "display_order": 0
  }
},
{
  "model": "products.brand",
  "pk": 1,
  "fields": {
    "name": "Supreme",
    "slug": "supreme",
    "logo": "brands/supreme-logo_ljgHwgT.jpg"
  }
},
{
  "model": "products.brand",
  "pk": 2,
  "fields": {
    "name": "ACC",
    "slug": "acc",
    "logo": "brands/acc-brand.jpg"
  }
},
{
  "model": "products.brand",
  "pk": 3,
  "fields": {
    "name": "ultratech",
    "slug": "ultratech",
    "logo": "brands/ultratech-logo.jpeg"
  }
},
{
  "model": "products.brand",
  "pk": 4,
  "fields": {
    "name": "Dalmia",
    "slug": "dalmia",
    "logo": "brands/dalmia-logo.jpg"
  }
},
{
  "model": "products.brand",
  "pk": 5,
  "fields": {
    "name": "Ambuja Cement",
    "slug": "ambuja-cement",
    "logo": "brands/Ambuja-brand.jpg"
  }
},
{
  "model": "products.brand",
  "pk": 6,
  "fields": {
    "name": "Asian Paints",
    "slug": "asian-paints",
    "logo": "brands/asianpaints-logo.jpg"
  }
},
{
  "model": "products.brand",
  "pk": 7,
  "fields": {
    "name": "Castrol",
    "slug": "castrol",
    "logo": "brands/castrol-logo.png"
  }
},
{
  "model": "products.brand",
  "pk": 8,
  "fields": {
    "name": "Bajaj",
    "slug": "bajaj",
    "logo": "brands/bajaj-logo.jpg"
  }
},
{
  "model": "products.brand",
  "pk": 9,
  "fields": {
    "name": "Anchor",
    "slug": "anchor",
    "logo": "brands/anchor-logo.jpg"
  }
},
{
  "model": "products.brand",
  "pk": 10,
  "fields": {
    "name": "Ashirvad",
    "slug": "ashirvad",
    "logo": "brands/ashirvad-logo.png"
  }
},
{
  "model": "products.brand",
  "pk": 11,
  "fields": {
    "name": "Birla 1",
    "slug": "birla-1",
    "logo": "brands/birlaa1-logo.jpg"
  }
},
{
  "model": "products.brand",
  "pk": 12,
  "fields": {
    "name": "CNR",
    "slug": "cnr",
    "logo": "brands/cnr-logo.jpg"
  }
},
{
  "model": "products.brand",
  "pk": 13,
  "fields": {
    "name": "CRI Pumps",
    "slug": "cri-pumps",
    "logo": "brands/cri-pumps-logo.jpeg"
  }
},
{
  "model": "products.brand",
  "pk": 14,
  "fields": {
    "name": "DULUX",
    "slug": "dulux",
    "logo": "brands/dulux-logo.jpg"
  }
},
{
  "model": "products.brand",
  "pk": 15,
  "fields": {
    "name": "Essar",
    "slug": "essar",
    "logo": "brands/essar-logo.jpg"
  }
},
{
  "model": "products.brand",
  "pk": 16,
  "fields": {
    "name": "Finolex",
    "slug": "finolex",
    "logo": "brands/finolex-logo.png"
  }
},
{
  "model": "products.brand",
  "pk": 17,
  "fields": {
    "name": "GM",
    "slug": "gm",
    "logo": "brands/gm-logo.jpg"
  }
},
{
  "model": "products.brand",
  "pk": 18,
  "fields": {
    "name": "Godrej",
    "slug": "godrej",
    "logo": "brands/godrej-logo.jpg"
  }
},
{
  "model": "products.brand",
  "pk": 19,
  "fields": {
    "name": "GreenStone",
    "slug": "greenstone",
    "logo": "brands/greennstone-logo.png"
  }
},
{
  "model": "products.brand",
  "pk": 20,
  "fields": {
    "name": "Havels",
    "slug": "havels",
    "logo": "brands/havells-logo.jpg"
  }
},
{
  "model": "products.brand",
  "pk": 21,
  "fields": {
    "name": "Hi Bond",
    "slug": "hi-bond",
    "logo": "brands/hibond-logo.jpg"
  }
},
{
  "model": "products.brand",
  "pk": 22,
  "fields": {
    "name": "JK Lakshmi",
    "slug": "jk-lakshmi",
    "logo": "brands/jk-lakshmi-logo.jpg"
  }
},
{
  "model": "products.brand",
  "pk": 23,
  "fields": {
    "name": "JSW",
    "slug": "jsw",
    "logo": "brands/jsw-steel-logo.jpg"
  }
},
{
  "model": "products.brand",
  "pk": 24,
  "fields": {
    "name": "LT",
    "slug": "lt",
    "logo": "brands/LT-logo.jpg"
  }
},
{
  "model": "products.brand",
  "pk": 25,
  "fields": {
    "name": "Nerolac",
    "slug": "nerolac",
    "logo": "brands/nerolac-logo.jpeg"
  }
},
{
  "model": "products.brand",
  "pk": 26,
  "fields": {
    "name": "Orient",
    "slug": "orient",
    "logo": "brands/orient-logo.jpg"
  }
},
{
  "model": "products.brand",
  "pk": 27,
  "fields": {
    "name": "Pansonic",
    "slug": "pansonic",
    "logo": "brands/panasonic-logo.jpg"
  }
},
{
  "model": "products.brand",
  "pk": 28,
  "fields": {
    "name": "Philips",
    "slug": "philips",
    "logo": "brands/phiips-logo.jpg"
  }
},
{
  "model": "products.brand",
  "pk": 29,
  "fields": {
    "name": "Plasto",
    "slug": "plasto",
    "logo": "brands/plasto-logo.png"
  }
},
{
  "model": "products.brand",
  "pk": 30,
  "fields": {
    "name": "Polycab",
    "slug": "polycab",
    "logo": "brands/polycab-logo.jpg"
  }
},
{
  "model": "products.brand",
  "pk": 31,
  "fields": {
    "name": "Quba",
    "slug": "quba",
    "logo": "brands/quba-logo.png"
  }
},
{
  "model": "products.brand",
  "pk": 32,
  "fields": {
    "name": "Rajuri Steels",
    "slug": "rajuri-steels",
    "logo": "brands/rajuri-logo.png"
  }
},
{
  "model": "products.brand",
  "pk": 33,
  "fields": {
    "name": "RR Cables",
    "slug": "rr-cables",
    "logo": "brands/rrcable-logo.jpg"
  }
},
{
  "model": "products.brand",
  "pk": 34,
  "fields": {
    "name": "Surya",
    "slug": "surya",
    "logo": "brands/surya-logo.jpg"
  }
},
{
  "model": "products.brand",
  "pk": 36,
  "fields": {
    "name": "Syska",
    "slug": "syska",
    "logo": "brands/syska-logo.jpg"
  }
},
{
  "model": "products.brand",
  "pk": 37,
  "fields": {
    "name": "TATA Cements",
    "slug": "tata-cements",
    "logo": "brands/tatacement-logo.jpg"
  }
},
{
  "model": "products.product",
  "pk": 1,
  "fields": {
    "name": "Supreme 110mm",
    "slug": "Supreme-110mm",
    "sku": "Supreme110mm",
    "brand": 1,
    "category": 1,
    "unit": "20 Feet",
    "units_per_box": 1,
    "retail_price": "950.00",
    "wholesale_price": "900.00",
    "cost_price": "850.00",
    "tax_rate": "18.00",
    "stock_quantity": 49,
    "reorder_threshold": 10,
    "description": "",
    "warranty_info": null,
    "has_exchange_policy": false,
    "is_active": true,
    "is_featured": false,
    "display_order": 0,
    "created_at": "2025-11-27T11:15:38.491Z",
    "updated_at": "2025-12-18T11:49:29.536Z"
  }
},
{
  "model": "products.product",
  "pk": 2,
  "fields": {
    "name": "ACC Cement",
    "slug": "cement",
    "sku": "ACC_cement",
    "brand": 2,
    "category": 2,
    "unit": "50kg",
    "units_per_box": 1,
    "retail_price": "340.00",
    "wholesale_price": "300.00",
    "cost_price": "290.00",
    "tax_rate": "18.00",
    "stock_quantity": 272,
    "reorder_threshold": 20,
    "description": "",
    "warranty_info": null,
    "has_exchange_policy": false,
    "is_active": true,
    "is_featured": true,
    "display_order": 0,
    "created_at": "2025-11-27T19:10:45.578Z",
    "updated_at": "2025-12-05T18:02:55.889Z"
  }
},
{
  "model": "products.product",
  "pk": 3,
  "fields": {
    "name": "UltraTech Cement",
    "slug": "UltraTech",
    "sku": "50kg",
    "brand": 3,
    "category": 2,
    "unit": "50kg",
    "units_per_box": 1,
    "retail_price": "275.00",
    "wholesale_price": "275.00",
    "cost_price": "275.00",
    "tax_rate": "18.00",
    "stock_quantity": 193,
    "reorder_threshold": 15,
    "description": "",
    "warranty_info": null,
    "has_exchange_policy": false,
    "is_active": true,
    "is_featured": false,
    "display_order": 0,
    "created_at": "2025-11-27T19:14:54.256Z",
    "updated_at": "2025-12-02T06:55:46.184Z"
  }
},
{
  "model": "products.product",
  "pk": 4,
  "fields": {
    "name": "Dalmia Cement",
    "slug": "dalmia-cement",
    "sku": "Dalmia_cement",
    "brand": 4,
    "category": 2,
    "unit": "50kg",
    "units_per_box": 1,
    "retail_price": "280.00",
    "wholesale_price": "280.00",
    "cost_price": "280.00",
    "tax_rate": "18.00",
    "stock_quantity": 99,
    "reorder_threshold": 10,
    "description": "",
    "warranty_info": null,
    "has_exchange_policy": false,
    "is_active": true,
    "is_featured": false,
    "display_order": 0,
    "created_at": "2025-11-27T19:17:03.972Z",
    "updated_at": "2025-12-02T06:55:46.189Z"
  }
},
{
  "model": "products.product",
  "pk": 5,
  "fields": {
    "name": "Ambuja Cement",
    "slug": "ambuja-cement",
    "sku": "Ambuja-Cement",
    "brand": 5,
    "category": 2,
    "unit": "50KG",
    "units_per_box": 1,
    "retail_price": "300.00",
    "wholesale_price": "300.00",
    "cost_price": "300.00",
    "tax_rate": "18.00",
    "stock_quantity": 98,
    "reorder_threshold": 10,
    "description": "",
    "warranty_info": null,
    "has_exchange_policy": false,
    "is_active": true,
    "is_featured": true,
    "display_order": 0,
    "created_at": "2025-11-27T19:19:48.706Z",
    "updated_at": "2025-12-18T11:48:14.204Z"
  }
},
{
  "model": "products.product",
  "pk": 6,
  "fields": {
    "name": "75 mm Supreme Pipe",
    "slug": "75-mm-supreme-pipe",
    "sku": "75mm_2(1/2)",
    "brand": 1,
    "category": 1,
    "unit": "20 Feet",
    "units_per_box": 1,
    "retail_price": "600.00",
    "wholesale_price": "550.00",
    "cost_price": "450.00",
    "tax_rate": "18.00",
    "stock_quantity": 92,
    "reorder_threshold": 10,
    "description": "75mm supreme pipe 30RS/Feet",
    "warranty_info": null,
    "has_exchange_policy": false,
    "is_active": true,
    "is_featured": true,
    "display_order": 0,
    "created_at": "2025-12-05T17:37:05.402Z",
    "updated_at": "2025-12-18T11:49:29.541Z"
  }
},
{
  "model": "products.product",
  "pk": 7,
  "fields": {
    "name": "Lakshmi 0.5 HP WaterPump",
    "slug": "lakshmi-05-hp-waterpump",
    "sku": "lakshmi-home",
    "brand": 22,
    "category": 3,
    "unit": "1",
    "units_per_box": 1,
    "retail_price": "2499.00",
    "wholesale_price": "2100.00",
    "cost_price": "1900.00",
    "tax_rate": "18.00",
    "stock_quantity": 1,
    "reorder_threshold": 5,
    "description": "",
    "warranty_info": "1 YR Warranty",
    "has_exchange_policy": true,
    "is_active": true,
    "is_featured": true,
    "display_order": 0,
    "created_at": "2025-12-05T18:01:56.378Z",
    "updated_at": "2025-12-18T11:52:16.801Z"
  }
},
{
  "model": "products.productimage",
  "pk": 1,
  "fields": {
    "product": 2,
    "image": "products/acc.jpg",
    "is_primary": true
  }
},
{
  "model": "products.productimage",
  "pk": 2,
  "fields": {
    "product": 4,
    "image": "products/dalmia.png",
    "is_primary": false
  }
},
{
  "model": "products.productimage",
  "pk": 3,
  "fields": {
    "product": 5,
    "image": "products/ambuja.jpg",
    "is_primary": false
  }
},
{
  "model": "products.productimage",
  "pk": 4,
  "fields": {
    "product": 6,
    "image": "products/supreme.jpg",
    "is_primary": true
  }
},
{
  "model": "products.productimage",
  "pk": 5,
  "fields": {
    "product": 6,
    "image": "products/supreme75mm.jpeg",
    "is_primary": false
  }
},
{
  "model": "products.productimage",
  "pk": 6,
  "fields": {
    "product": 1,
    "image": "products/supreme_gWTm5h8.jpg",
    "is_primary": false
  }
},
{
  "model": "products.productimage",
  "pk": 7,
  "fields": {
    "product": 1,
    "image": "products/supreme110mm.webp",
    "is_primary": false
  }
},
{
  "model": "products.productimage",
  "pk": 8,
  "fields": {
    "product": 7,
    "image": "products/lakshmi2home.jpg",
    "is_primary": true
  }
},
{
  "model": "products.productimage",
  "pk": 9,
  "fields": {
    "product": 7,
    "image": "products/lakshmihome.jpg",
    "is_primary": false
  }
}
]
